<?xml version="1.0" encoding="utf-8"?>
<data>
	<item>
		<abbr>wxBoxSizer</abbr>
		<description><![CDATA[New BoxSizer]]></description>
		<author>Mario Lacunza</author>
		<version>1.0</version>
		<date>20061014</date>
		<code><![CDATA[bsSizer= wx.BoxSizer(wx.VERTICAL)]]></code>
	</item>
	<item>
		<abbr>wxGridSizer</abbr>
		<description><![CDATA[GridSizer]]></description>
		<author>Mario Lacunza</author>
		<version>1.0</version>
		<date>20061013</date>
		<code><![CDATA[gsizer=wx.GridSizer(rows=0, cols=0, vgap=0, hgap=0)
sizer.Add([ctrl], proportion=0, flag=0, border=0, userData=None)
]]></code>
	</item>
	<item>
		<abbr>wxFlexGridSizer</abbr>
		<description><![CDATA[FlexGridSizer]]></description>
		<author>Mario Lacunza</author>
		<version>1.0</version>
		<date>20061013</date>
		<code><![CDATA[fgSizer=wx.FlexGridSizer(rows=0, cols=0, vgap=0, hgap=0)]]></code>
	</item>
	<item>
		<abbr>Define Sizer</abbr>
		<description><![CDATA[Define Sizer]]></description>
		<author>Mario Lacunza</author>
		<version>1</version>
		<date>20061014</date>
		<code><![CDATA[self.SetSizer(sizer)
self.Fit()]]></code>
	</item>
</data>