<?xml version="1.0" encoding="utf-8"?>
<data>
	<item>
		<abbr>wxFrame</abbr>
		<description><![CDATA[New wxFrame]]></description>
		<author>Mario Lacunza</author>
		<version>1.0</version>
		<date>20061013</date>
		<code><![CDATA[class {frmName}(wx.Frame):
    def __init__(self):
        wx.Frame.__init__({parent}, None, id=-1, title=u'', size=({ii},{ii}), style=wx.DEFAULT_FRAME_STYLE)
        self.SetClientSize(wx.Size{ii},{ii})
        self.Center({wx.BOTH|wx.HORIZONTAL|wx.VERTICAL})]]></code>
	</item>
	<item>
		<abbr>Import BitmapButton</abbr>
		<description><![CDATA[Import BitmapButton]]></description>
		<author>Mario Lacunza</author>
		<version>1.0</version>
		<date>26122006</date>
		<code><![CDATA[import wx.lib.buttons]]></code>
	</item>
	<item>
		<abbr>wxListBox</abbr>
		<description><![CDATA[New wxListBox]]></description>
		<author>Mario Lacunza</author>
		<version>1.0</version>
		<date>20061013</date>
		<code><![CDATA[list=wx.ListBox(parent=self, id=-1, pos=wx.DefaultPosition,size=wx.DefaultSize, choices=None,style=0,validator=wx.DefaultValidator, name="listBox")
list.SetToolTipString(u'Text')]]></code>
	</item>
	<item>
		<abbr>wxMsgDialog</abbr>
		<description><![CDATA[New wxMessage]]></description>
		<author>Mario Lacunza</author>
		<version>1.0</version>
		<date>20061207</date>
		<code><![CDATA[dlg = wx.MessageDialog(self, u'Message', u'Caption', wx.OK | wx.ICON_INFORMATION)
try:
    result = dlg.ShowModal()
finally:
    dlg.Destroy()]]></code>
	</item>
	<item>
		<abbr>wxStaticText</abbr>
		<description><![CDATA[New wxStaticText]]></description>
		<author>Mario Lacunza</author>
		<version>1.1</version>
		<date>20061013</date>
		<code><![CDATA[label = wx.StaticText(parent=self, id=-1, label=u'label', pos=wx.DefaultPosition,size=wx.DefaultSize,style=0,name="staticText")]]></code>
	</item>
	<item>
		<abbr>wxRadioBox</abbr>
		<description><![CDATA[New RadioBox]]></description>
		<author>Mario Lacunza</author>
		<version>1.0</version>
		<date>20070121</date>
		<code><![CDATA[wx.RadioBox(parent=self, id=-1, label='text', pos=wx.DefaultPosition, size=wx.DefaultSize, choices=None,majorDimension=0,style=wx.RA_SPECIFY_COLS, validator=wx.DefaultValidator,name="radioBox")
]]></code>
	</item>
	<item>
		<abbr>wxPanel</abbr>
		<description><![CDATA[New wxpanel]]></description>
		<author>Mario Lacunza</author>
		<version>1.0</version>
		<date>20061013</date>
		<code><![CDATA[panel=wx.Panel(id=-1, name='panel1', parent=self, pos=wx.Point(0, 0), size=wx.Size(780, 550))]]></code>
	</item>
	<item>
		<abbr>wxStaticBitmap</abbr>
		<description><![CDATA[New wxStaticBitmap]]></description>
		<author>Mario Lacunza</author>
		<version>1.0</version>
		<date>26122006</date>
		<code><![CDATA[wx.StaticBitmap(panel, -1, gif, (10, pos), (gif.GetWidth(), gif.GetHeight()))]]></code>
	</item>
	<item>
		<abbr>wxButton</abbr>
		<description><![CDATA[New wxbutton]]></description>
		<author>Mario Lacunza</author>
		<version>1</version>
		<date>20061013</date>
		<code><![CDATA[self.button = wx.Button(parent=self, id=-1, label=u'Text here', pos=wx.Point(i,i), size=wx.Size(i, i), style=0)
self.button.SetToolTipString(u'Text')
self.Bind(wx.EVT_BUTTON, self.OnClick{button}, self.button)
def OnClick{button}(self, event):
]]></code>
	</item>
	<item>
		<abbr>wxBitmapButton</abbr>
		<description><![CDATA[New wxBitmapButton]]></description>
		<author>Mario Lacunza</author>
		<version>1.0</version>
		<date>26122006</date>
		<code><![CDATA[self.btn{Name} = wx.lib.buttons.GenBitmapTextButton(bitmap={figure}, parent=self.panel, id=-1, label=u' ', pos=wx.DefaultPosition,size=wx.DefaultSize, style=0)
self.btn{Name}.SetToolTipString(u'Text')
self.Bind(wx.EVT_BUTTON, self.OnBtn{Name}Button, self.btn{Name})
]]></code>
	</item>
	<item>
		<abbr>wxTextCtrl</abbr>
		<description><![CDATA[New wxTextControl]]></description>
		<author>Mario Lacunza</author>
		<version>1.0</version>
		<date>20061014</date>
		<code><![CDATA[text=wx.TextCtrl(parent=self, id=-1, value = u'', pos=wx.DefaultPosition, size=wx.DefaultSize, style=0, validator=wx.DefaultValidator, name=wx.TextCtrlNameStr)
text.SetToolTipString(u'text')]]></code>
	</item>
	<item>
		<abbr>wxChoice</abbr>
		<description><![CDATA[New ComboBox]]></description>
		<author>Mario Lacunza</author>
		<version>1.0</version>
		<date>20061014</date>
		<code><![CDATA[combo=wx.Choice(parent, id, pos=wx.DefaultPosition, size=wx.DefaultSize, choices=None, style=0, validator=wx.DefaultValidator, name="choice")]]></code>
	</item>
	<item>
		<abbr>wxDialog</abbr>
		<description><![CDATA[New wxDialog]]></description>
		<author>Mario Lacunza</author>
		<version>1.0</version>
		<date>20061014</date>
		<code><![CDATA[class {frmName}(wx.Dialog):
    def __init__(self):
        wx.Dialog.__init__({parent}, id=-1, title=u'', size=({ii},{ii}), style=wx.DEFAULT_DIALOG_STYLE)
        self.SetClientSize(wx.Size{ii},{ii})
        self.Center({wx.BOTH|wx.HORIZONTAL|wx.VERTICAL})]]></code>
	</item>
</data>