<?xml version="1.0" encoding="utf-8"?>
<data>
	<item>
		<abbr>Runable</abbr>
		<description><![CDATA[FIle runable]]></description>
		<author>Mario Lacunza</author>
		<version>1</version>
		<date>20061013</date>
		<code><![CDATA[#!/usr/bin/env python]]></code>
	</item>
	<item>
		<abbr>Head</abbr>
		<description><![CDATA[Cabecera de Archivos]]></description>
		<author>Mario Lacunza</author>
		<version>1,0</version>
		<date>20061219</date>
		<code><![CDATA[#-----------------------------------------------------------------------------
#    Name:        [Name].py
#    Purpose:     
#
#    Author:      <Mario Lacunza mlacunza@gmail.com>
#
#    Copyright:   (c) 2007
#    Version:
#    
#-----------------------------------------------------------------------------
]]></code>
	</item>
	<item>
		<abbr>wxApp</abbr>
		<description><![CDATA[New wxApp]]></description>
		<author>Mario Lacunza</author>
		<version>1.0</version>
		<date>20061221</date>
		<code><![CDATA[#!/usr/bin/env python

import wx


class App(wx.App):
    def OnInit(self):
        self.main = {frameName}
        self.main.ShowModal()
        self.main.Destroy()
        
        return True

def main():
    application = App(0)
    application.MainLoop()

if __name__ == '__main__':
    main()]]></code>
	</item>
	<item>
		<abbr>License</abbr>
		<description><![CDATA[Licencia]]></description>
		<author>Mario Lacunza</author>
		<version>1.0</version>
		<date>20061018</date>
		<code><![CDATA[__license__='GPL (details at http://www.gnu.org)']]></code>
	</item>
	<item>
		<abbr>Author</abbr>
		<description><![CDATA[Autor]]></description>
		<author>Mario Lacunza</author>
		<version>1.0</version>
		<date>20061013</date>
		<code><![CDATA[__author__='Mario Lacunza <mlacunza@gmail.com>']]></code>
	</item>
	<item>
		<abbr>LineSep</abbr>
		<description><![CDATA[LineSeparation beetwen groups]]></description>
		<author>Mario Lacunza</author>
		<version>1</version>
		<date>20061013</date>
		<code><![CDATA[#-------------------------------------------------------------------------------]]></code>
	</item>
	<item>
		<abbr>Module</abbr>
		<description><![CDATA[Module Name]]></description>
		<author>Mario Lacunza</author>
		<version>1.0</version>
		<date>26122006</date>
		<code><![CDATA[__module__=' ']]></code>
	</item>
	<item>
		<abbr>import wx</abbr>
		<description><![CDATA[Import wxPython]]></description>
		<author>Mario Lacunza</author>
		<version>1</version>
		<date>20061013</date>
		<code><![CDATA[import wx]]></code>
	</item>
	<item>
		<abbr>Version</abbr>
		<description><![CDATA[Version]]></description>
		<author>Mario Lacunza</author>
		<version>1.0</version>
		<date>20061013</date>
		<code><![CDATA[__version__='0.0']]></code>
	</item>
	<item>
		<abbr>Encoding utf8</abbr>
		<description><![CDATA[Encoding utf8]]></description>
		<author>Mario Lacunza</author>
		<version>1.0</version>
		<date>20061013</date>
		<code><![CDATA[﻿# -*- coding: utf-8 -*-#]]></code>
	</item>
	<item>
		<abbr>from X import Y</abbr>
		<description><![CDATA[Import Module]]></description>
		<author>Mario Lacunza</author>
		<version>1</version>
		<date>20061013</date>
		<code><![CDATA[from X import Y]]></code>
	</item>
	<item>
		<abbr>SubCrearSizers</abbr>
		<description><![CDATA[CrearSizers()]]></description>
		<author>Mario Lacunza</author>
		<version>1.0</version>
		<date>20070131</date>
		<code><![CDATA[#------------------------------------------------------------
    def CrearSizers(self):
        bsSizer= wx.BoxSizer(wx.VERTICAL)
        
        #Controles
        
        
        #Definicion

        
        self.panel.SetSizer(bsSizer)
        bsSizer.Fit(self)
        bsSizer.SetSizeHints(self)
#------------------------------------------------------------]]></code>
	</item>
	<item>
		<abbr>ToDo</abbr>
		<description><![CDATA[Insert ToDo]]></description>
		<author>Mario Lacunza</author>
		<version>1.0</version>
		<date>20070206</date>
		<code><![CDATA[#TODO: ]]></code>
	</item>
</data>